summary,jvmopts,
summary,Same Core
summary,P1C1QueueOriginal3,108350677
summary,P1C1QueueOriginal3,108000310
summary,P1C1QueueOriginal3,105478828
summary,P1C1QueueOriginal3,107682210
summary,P1C1QueueOriginal3,108860536
summary,P1C1QueueOriginal3,107943540
summary,P1C1QueueOriginal3,107212829
summary,P1C1QueueOriginal3,111106654
summary,P1C1QueueOriginal3,107787252
summary,P1C1QueueOriginal3,112808226
summary,P1C1QueueOriginal3,108804374
summary,P1C1QueueOriginal3,108646561
summary,P1C1QueueOriginal3,108793089
summary,P1C1QueueOriginal3,111828067
summary,P1C1QueueOriginal3,109993578
summary,P1C1QueueOriginal3,108211697
summary,P1C1QueueOriginal3,108201155
summary,P1C1QueueOriginal3,111080306
summary,P1C1QueueOriginal3,108326267
summary,P1C1QueueOriginal3,111421767
summary,P1C1QueueOriginal3,90376159
summary,P1C1QueueOriginal3,108535714
summary,P1C1QueueOriginal3,108836906
summary,P1C1QueueOriginal3,108496891
summary,P1C1QueueOriginal3,107801648
summary,P1C1QueueOriginal3,108411041
summary,P1C1QueueOriginal3,112363755
summary,P1C1QueueOriginal3,108308031
summary,P1C1QueueOriginal3,108286723
summary,P1C1QueueOriginal3,108505151
summary,P1C1QueueOriginal3PadData,95208315
summary,P1C1QueueOriginal3PadData,101230142
summary,P1C1QueueOriginal3PadData,94746945
summary,P1C1QueueOriginal3PadData,95941514
summary,P1C1QueueOriginal3PadData,94358207
summary,P1C1QueueOriginal3PadData,94753974
summary,P1C1QueueOriginal3PadData,94528700
summary,P1C1QueueOriginal3PadData,95236805
summary,P1C1QueueOriginal3PadData,95284050
summary,P1C1QueueOriginal3PadData,95673862
summary,P1C1QueueOriginal3PadData,95316956
summary,P1C1QueueOriginal3PadData,94163039
summary,P1C1QueueOriginal3PadData,94818236
summary,P1C1QueueOriginal3PadData,95229607
summary,P1C1QueueOriginal3PadData,94482469
summary,P1C1QueueOriginal3PadData,94728950
summary,P1C1QueueOriginal3PadData,96109501
summary,P1C1QueueOriginal3PadData,94405961
summary,P1C1QueueOriginal3PadData,95970239
summary,P1C1QueueOriginal3PadData,95990609
summary,P1C1QueueOriginal3PadData,95169965
summary,P1C1QueueOriginal3PadData,100435210
summary,P1C1QueueOriginal3PadData,94243438
summary,P1C1QueueOriginal3PadData,95041285
summary,P1C1QueueOriginal3PadData,94175077
summary,P1C1QueueOriginal3PadData,95928969
summary,P1C1QueueOriginal3PadData,95255834
summary,P1C1QueueOriginal3PadData,94518825
summary,P1C1QueueOriginal3PadData,95161172
summary,P1C1QueueOriginal3PadData,94744644
summary,SPSCQueue1,113689716
summary,SPSCQueue1,113015074
summary,SPSCQueue1,112719977
summary,SPSCQueue1,113970654
summary,SPSCQueue1,113599883
summary,SPSCQueue1,110773762
summary,SPSCQueue1,110774217
summary,SPSCQueue1,113860986
summary,SPSCQueue1,110785940
summary,SPSCQueue1,110832292
summary,SPSCQueue1,112791552
summary,SPSCQueue1,110760102
summary,SPSCQueue1,114043774
summary,SPSCQueue1,110755624
summary,SPSCQueue1,110795587
summary,SPSCQueue1,113603906
summary,SPSCQueue1,112940786
summary,SPSCQueue1,112680725
summary,SPSCQueue1,114127614
summary,SPSCQueue1,112949481
summary,SPSCQueue1,110771674
summary,SPSCQueue1,113543637
summary,SPSCQueue1,113627859
summary,SPSCQueue1,110755885
summary,SPSCQueue1,112870015
summary,SPSCQueue1,110795087
summary,SPSCQueue1,113558195
summary,SPSCQueue1,110844084
summary,SPSCQueue1,122976901
summary,SPSCQueue1,112751965
summary,SPSCQueue2,120796461
summary,SPSCQueue2,120443011
summary,SPSCQueue2,121145963
summary,SPSCQueue2,114114637
summary,SPSCQueue2,120863165
summary,SPSCQueue2,120473848
summary,SPSCQueue2,120832666
summary,SPSCQueue2,120740875
summary,SPSCQueue2,114805399
summary,SPSCQueue2,114161083
summary,SPSCQueue2,119465372
summary,SPSCQueue2,121103586
summary,SPSCQueue2,114993068
summary,SPSCQueue2,114869550
summary,SPSCQueue2,120679168
summary,SPSCQueue2,120592445
summary,SPSCQueue2,121216488
summary,SPSCQueue2,120827676
summary,SPSCQueue2,123158401
summary,SPSCQueue2,120217740
summary,SPSCQueue2,115306911
summary,SPSCQueue2,120248953
summary,SPSCQueue2,120074137
summary,SPSCQueue2,119230822
summary,SPSCQueue2,120474828
summary,SPSCQueue2,120649114
summary,SPSCQueue2,119602060
summary,SPSCQueue2,121126538
summary,SPSCQueue2,120934985
summary,SPSCQueue2,120451757
summary,SPSCQueue3,129526935
summary,SPSCQueue3,129096670
summary,SPSCQueue3,122001889
summary,SPSCQueue3,129293857
summary,SPSCQueue3,122002072
summary,SPSCQueue3,128504693
summary,SPSCQueue3,128810138
summary,SPSCQueue3,129521371
summary,SPSCQueue3,122963406
summary,SPSCQueue3,128834407
summary,SPSCQueue3,128094804
summary,SPSCQueue3,130074920
summary,SPSCQueue3,129465156
summary,SPSCQueue3,122503080
summary,SPSCQueue3,121904865
summary,SPSCQueue3,122960618
summary,SPSCQueue3,128245518
summary,SPSCQueue3,128797612
summary,SPSCQueue3,122000261
summary,SPSCQueue3,128752483
summary,SPSCQueue3,130078518
summary,SPSCQueue3,128766567
summary,SPSCQueue3,122742147
summary,SPSCQueue3,122606096
summary,SPSCQueue3,122512959
summary,SPSCQueue3,121824147
summary,SPSCQueue3,129448009
summary,SPSCQueue3,128898811
summary,SPSCQueue3,102905621
summary,SPSCQueue3,129724845
summary,SPSCQueue4,114188800
summary,SPSCQueue4,114059980
summary,SPSCQueue4,118244754
summary,SPSCQueue4,119666388
summary,SPSCQueue4,119272480
summary,SPSCQueue4,119538613
summary,SPSCQueue4,119628388
summary,SPSCQueue4,119247974
summary,SPSCQueue4,119566438
summary,SPSCQueue4,119535413
summary,SPSCQueue4,119936844
summary,SPSCQueue4,119817594
summary,SPSCQueue4,114082807
summary,SPSCQueue4,114430386
summary,SPSCQueue4,119136697
summary,SPSCQueue4,114024074
summary,SPSCQueue4,119712835
summary,SPSCQueue4,112315771
summary,SPSCQueue4,119678722
summary,SPSCQueue4,109398210
summary,SPSCQueue4,119799630
summary,SPSCQueue4,119740680
summary,SPSCQueue4,118997062
summary,SPSCQueue4,119108669
summary,SPSCQueue4,119376964
summary,SPSCQueue4,114091853
summary,SPSCQueue4,118916936
summary,SPSCQueue4,119076071
summary,SPSCQueue4,118702693
summary,SPSCQueue4,119400719
summary,SPSCQueue5,96079033
summary,SPSCQueue5,95640538
summary,SPSCQueue5,95569836
summary,SPSCQueue5,97697598
summary,SPSCQueue5,95922031
summary,SPSCQueue5,97322517
summary,SPSCQueue5,96306406
summary,SPSCQueue5,96722315
summary,SPSCQueue5,96344867
summary,SPSCQueue5,96174247
summary,SPSCQueue5,96572458
summary,SPSCQueue5,96089836
summary,SPSCQueue5,96128373
summary,SPSCQueue5,96183388
summary,SPSCQueue5,97591933
summary,SPSCQueue5,97398809
summary,SPSCQueue5,97253197
summary,SPSCQueue5,96446111
summary,SPSCQueue5,96118466
summary,SPSCQueue5,96487788
summary,SPSCQueue5,95736498
summary,SPSCQueue5,96131744
summary,SPSCQueue5,97485992
summary,SPSCQueue5,95812256
summary,SPSCQueue5,95671285
summary,SPSCQueue5,96352796
summary,SPSCQueue5,96117427
summary,SPSCQueue5,95029034
summary,SPSCQueue5,95529175
summary,SPSCQueue5,96536983
summary,Cross Core
summary,P1C1QueueOriginal3,46767707
summary,P1C1QueueOriginal3,122225611
summary,P1C1QueueOriginal3,129119610
summary,P1C1QueueOriginal3,123880254
summary,P1C1QueueOriginal3,121386240
summary,P1C1QueueOriginal3,116976166
summary,P1C1QueueOriginal3,121846332
summary,P1C1QueueOriginal3,107000376
summary,P1C1QueueOriginal3,135720152
summary,P1C1QueueOriginal3,130517475
summary,P1C1QueueOriginal3,118969521
summary,P1C1QueueOriginal3,97063152
summary,P1C1QueueOriginal3,139163876
summary,P1C1QueueOriginal3,108947223
summary,P1C1QueueOriginal3,119145544
summary,P1C1QueueOriginal3,96826339
summary,P1C1QueueOriginal3,128700677
summary,P1C1QueueOriginal3,98039909
summary,P1C1QueueOriginal3,101300446
summary,P1C1QueueOriginal3,95072780
summary,P1C1QueueOriginal3,122885102
summary,P1C1QueueOriginal3,131408084
summary,P1C1QueueOriginal3,112199877
summary,P1C1QueueOriginal3,129140649
summary,P1C1QueueOriginal3,139206277
summary,P1C1QueueOriginal3,128695507
summary,P1C1QueueOriginal3,102514125
summary,P1C1QueueOriginal3,138940969
summary,P1C1QueueOriginal3,113493580
summary,P1C1QueueOriginal3,129749556
summary,P1C1QueueOriginal3PadData,126686771
summary,P1C1QueueOriginal3PadData,128140380
summary,P1C1QueueOriginal3PadData,48061809
summary,P1C1QueueOriginal3PadData,126500485
summary,P1C1QueueOriginal3PadData,132990111
summary,P1C1QueueOriginal3PadData,108148086
summary,P1C1QueueOriginal3PadData,127762581
summary,P1C1QueueOriginal3PadData,119531732
summary,P1C1QueueOriginal3PadData,116183522
summary,P1C1QueueOriginal3PadData,125626049
summary,P1C1QueueOriginal3PadData,130253181
summary,P1C1QueueOriginal3PadData,105512448
summary,P1C1QueueOriginal3PadData,106970883
summary,P1C1QueueOriginal3PadData,124515807
summary,P1C1QueueOriginal3PadData,127183600
summary,P1C1QueueOriginal3PadData,106767916
summary,P1C1QueueOriginal3PadData,111188718
summary,P1C1QueueOriginal3PadData,118462446
summary,P1C1QueueOriginal3PadData,117926990
summary,P1C1QueueOriginal3PadData,132840241
summary,P1C1QueueOriginal3PadData,128306708
summary,P1C1QueueOriginal3PadData,111456723
summary,P1C1QueueOriginal3PadData,116342640
summary,P1C1QueueOriginal3PadData,40884523
summary,P1C1QueueOriginal3PadData,112034962
summary,P1C1QueueOriginal3PadData,120970794
summary,P1C1QueueOriginal3PadData,130135249
summary,P1C1QueueOriginal3PadData,114323124
summary,P1C1QueueOriginal3PadData,110145123
summary,P1C1QueueOriginal3PadData,109972726
summary,SPSCQueue1,144469964
summary,SPSCQueue1,132154053
summary,SPSCQueue1,107017452
summary,SPSCQueue1,106829862
summary,SPSCQueue1,94747401
summary,SPSCQueue1,124408300
summary,SPSCQueue1,61523652
summary,SPSCQueue1,138555314
summary,SPSCQueue1,105821729
summary,SPSCQueue1,80315984
summary,SPSCQueue1,108912038
summary,SPSCQueue1,75612921
summary,SPSCQueue1,81199343
summary,SPSCQueue1,75125917
summary,SPSCQueue1,59455009
summary,SPSCQueue1,107033447
summary,SPSCQueue1,58154745
summary,SPSCQueue1,102755994
summary,SPSCQueue1,104424735
summary,SPSCQueue1,99982229
summary,SPSCQueue1,158883787
summary,SPSCQueue1,75058384
summary,SPSCQueue1,70645619
summary,SPSCQueue1,111431295
summary,SPSCQueue1,108565540
summary,SPSCQueue1,109283117
summary,SPSCQueue1,56969841
summary,SPSCQueue1,61923883
summary,SPSCQueue1,109431621
summary,SPSCQueue1,55943587
summary,SPSCQueue2,81776659
summary,SPSCQueue2,99446774
summary,SPSCQueue2,131052613
summary,SPSCQueue2,65633488
summary,SPSCQueue2,147351676
summary,SPSCQueue2,117812677
summary,SPSCQueue2,117069396
summary,SPSCQueue2,68164104
summary,SPSCQueue2,65079788
summary,SPSCQueue2,117816382
summary,SPSCQueue2,134418659
summary,SPSCQueue2,117332753
summary,SPSCQueue2,100695500
summary,SPSCQueue2,59573274
summary,SPSCQueue2,157885194
summary,SPSCQueue2,162035416
summary,SPSCQueue2,60444135
summary,SPSCQueue2,132284928
summary,SPSCQueue2,131742500
summary,SPSCQueue2,142508312
summary,SPSCQueue2,128724714
summary,SPSCQueue2,118763324
summary,SPSCQueue2,158217526
summary,SPSCQueue2,101950790
summary,SPSCQueue2,132501552
summary,SPSCQueue2,153593088
summary,SPSCQueue2,134355715
summary,SPSCQueue2,101546659
summary,SPSCQueue2,71636995
summary,SPSCQueue2,58958369
summary,SPSCQueue3,125804369
summary,SPSCQueue3,93216836
summary,SPSCQueue3,123283795
summary,SPSCQueue3,108748526
summary,SPSCQueue3,104555612
summary,SPSCQueue3,114805993
summary,SPSCQueue3,99031336
summary,SPSCQueue3,110590059
summary,SPSCQueue3,108267715
summary,SPSCQueue3,96095858
summary,SPSCQueue3,105505602
summary,SPSCQueue3,125238291
summary,SPSCQueue3,116220557
summary,SPSCQueue3,115033404
summary,SPSCQueue3,118515847
summary,SPSCQueue3,122121039
summary,SPSCQueue3,103265573
summary,SPSCQueue3,118595587
summary,SPSCQueue3,115633996
summary,SPSCQueue3,125591037
summary,SPSCQueue3,112353248
summary,SPSCQueue3,113131021
summary,SPSCQueue3,119644949
summary,SPSCQueue3,122325342
summary,SPSCQueue3,110399307
summary,SPSCQueue3,113453992
summary,SPSCQueue3,126131269
summary,SPSCQueue3,117023213
summary,SPSCQueue3,121112660
summary,SPSCQueue3,121062078
summary,SPSCQueue4,125440054
summary,SPSCQueue4,100484031
summary,SPSCQueue4,100134420
summary,SPSCQueue4,101456450
summary,SPSCQueue4,100949805
summary,SPSCQueue4,93908238
summary,SPSCQueue4,127953298
summary,SPSCQueue4,121099383
summary,SPSCQueue4,122803530
summary,SPSCQueue4,99803394
summary,SPSCQueue4,91893172
summary,SPSCQueue4,95717698
summary,SPSCQueue4,99452670
summary,SPSCQueue4,99812592
summary,SPSCQueue4,98076928
summary,SPSCQueue4,96558325
summary,SPSCQueue4,97959335
summary,SPSCQueue4,93448086
summary,SPSCQueue4,126309251
summary,SPSCQueue4,126814592
summary,SPSCQueue4,94997465
summary,SPSCQueue4,128022840
summary,SPSCQueue4,126393306
summary,SPSCQueue4,122298267
summary,SPSCQueue4,123498555
summary,SPSCQueue4,100275609
summary,SPSCQueue4,94962225
summary,SPSCQueue4,102070510
summary,SPSCQueue4,127759281
summary,SPSCQueue4,102860704
summary,SPSCQueue5,65593031
summary,SPSCQueue5,63422477
summary,SPSCQueue5,61755877
summary,SPSCQueue5,65881885
summary,SPSCQueue5,64453460
summary,SPSCQueue5,62803089
summary,SPSCQueue5,65147710
summary,SPSCQueue5,65368218
summary,SPSCQueue5,62522573
summary,SPSCQueue5,59803344
summary,SPSCQueue5,66078463
summary,SPSCQueue5,64771040
summary,SPSCQueue5,62996058
summary,SPSCQueue5,64464299
summary,SPSCQueue5,63351097
summary,SPSCQueue5,65932265
summary,SPSCQueue5,30508797
summary,SPSCQueue5,66630346
summary,SPSCQueue5,68723924
summary,SPSCQueue5,65785119
summary,SPSCQueue5,61351063
summary,SPSCQueue5,59984798
summary,SPSCQueue5,67486858
summary,SPSCQueue5,65361055
summary,SPSCQueue5,66718666
summary,SPSCQueue5,64962103
summary,SPSCQueue5,29690754
summary,SPSCQueue5,61061319
summary,SPSCQueue5,63660025
summary,SPSCQueue5,61980357
summary,Cross Socket
summary,P1C1QueueOriginal3,36709103
summary,P1C1QueueOriginal3,52397371
summary,P1C1QueueOriginal3,20836080
summary,P1C1QueueOriginal3,32087191
summary,P1C1QueueOriginal3,44812444
summary,P1C1QueueOriginal3,33707417
summary,P1C1QueueOriginal3,25942649
summary,P1C1QueueOriginal3,34643599
summary,P1C1QueueOriginal3,49892714
summary,P1C1QueueOriginal3,33968490
summary,P1C1QueueOriginal3,43945744
summary,P1C1QueueOriginal3,17185791
summary,P1C1QueueOriginal3,48450526
summary,P1C1QueueOriginal3,39794817
summary,P1C1QueueOriginal3,18568950
summary,P1C1QueueOriginal3,44364622
summary,P1C1QueueOriginal3,49596107
summary,P1C1QueueOriginal3,16183930
summary,P1C1QueueOriginal3,45020599
summary,P1C1QueueOriginal3,39260061
summary,P1C1QueueOriginal3,47855053
summary,P1C1QueueOriginal3,40302042
summary,P1C1QueueOriginal3,41750677
summary,P1C1QueueOriginal3,41756974
summary,P1C1QueueOriginal3,40177599
summary,P1C1QueueOriginal3,22296190
summary,P1C1QueueOriginal3,27434631
summary,P1C1QueueOriginal3,45283296
summary,P1C1QueueOriginal3,34578965
summary,P1C1QueueOriginal3,41349359
summary,P1C1QueueOriginal3PadData,32816200
summary,P1C1QueueOriginal3PadData,33331446
summary,P1C1QueueOriginal3PadData,35976030
summary,P1C1QueueOriginal3PadData,16563697
summary,P1C1QueueOriginal3PadData,21375464
summary,P1C1QueueOriginal3PadData,34785688
summary,P1C1QueueOriginal3PadData,18213939
summary,P1C1QueueOriginal3PadData,28517855
summary,P1C1QueueOriginal3PadData,28975669
summary,P1C1QueueOriginal3PadData,33843040
summary,P1C1QueueOriginal3PadData,17361476
summary,P1C1QueueOriginal3PadData,30835201
summary,P1C1QueueOriginal3PadData,18952948
summary,P1C1QueueOriginal3PadData,31922486
summary,P1C1QueueOriginal3PadData,31552251
summary,P1C1QueueOriginal3PadData,18398605
summary,P1C1QueueOriginal3PadData,31157009
summary,P1C1QueueOriginal3PadData,36533328
summary,P1C1QueueOriginal3PadData,32948049
summary,P1C1QueueOriginal3PadData,17611665
summary,P1C1QueueOriginal3PadData,17776796
summary,P1C1QueueOriginal3PadData,32546793
summary,P1C1QueueOriginal3PadData,34132100
summary,P1C1QueueOriginal3PadData,32279541
summary,P1C1QueueOriginal3PadData,28278248
summary,P1C1QueueOriginal3PadData,29348790
summary,P1C1QueueOriginal3PadData,33008863
summary,P1C1QueueOriginal3PadData,34284177
summary,P1C1QueueOriginal3PadData,33600719
summary,P1C1QueueOriginal3PadData,31176148
summary,SPSCQueue1,20856431
summary,SPSCQueue1,39928361
summary,SPSCQueue1,40930076
summary,SPSCQueue1,20929023
summary,SPSCQueue1,44102678
summary,SPSCQueue1,31454579
summary,SPSCQueue1,49329063
summary,SPSCQueue1,46841855
summary,SPSCQueue1,45191652
summary,SPSCQueue1,41030626
summary,SPSCQueue1,45556514
summary,SPSCQueue1,23768527
summary,SPSCQueue1,42732107
summary,SPSCQueue1,43305080
summary,SPSCQueue1,18914580
summary,SPSCQueue1,23042246
summary,SPSCQueue1,25982952
summary,SPSCQueue1,27772055
summary,SPSCQueue1,42671161
summary,SPSCQueue1,50887247
summary,SPSCQueue1,42187607
summary,SPSCQueue1,44738799
summary,SPSCQueue1,44807089
summary,SPSCQueue1,43301167
summary,SPSCQueue1,24279642
summary,SPSCQueue1,38235905
summary,SPSCQueue1,21246152
summary,SPSCQueue1,42369912
summary,SPSCQueue1,42134913
summary,SPSCQueue1,42843826
summary,SPSCQueue2,25377023
summary,SPSCQueue2,46927488
summary,SPSCQueue2,41450690
summary,SPSCQueue2,24145804
summary,SPSCQueue2,20908628
summary,SPSCQueue2,19879401
summary,SPSCQueue2,19809837
summary,SPSCQueue2,47359569
summary,SPSCQueue2,48562397
summary,SPSCQueue2,38632480
summary,SPSCQueue2,41921316
summary,SPSCQueue2,37518618
summary,SPSCQueue2,44659041
summary,SPSCQueue2,46306305
summary,SPSCQueue2,27741081
summary,SPSCQueue2,22712514
summary,SPSCQueue2,20754440
summary,SPSCQueue2,42469031
summary,SPSCQueue2,46673098
summary,SPSCQueue2,42052606
summary,SPSCQueue2,19740223
summary,SPSCQueue2,39256135
summary,SPSCQueue2,42097607
summary,SPSCQueue2,26534826
summary,SPSCQueue2,46368508
summary,SPSCQueue2,26255413
summary,SPSCQueue2,18863959
summary,SPSCQueue2,21465604
summary,SPSCQueue2,46352717
summary,SPSCQueue2,20683895
summary,SPSCQueue3,24483367
summary,SPSCQueue3,48861658
summary,SPSCQueue3,30154004
summary,SPSCQueue3,21144148
summary,SPSCQueue3,31098812
summary,SPSCQueue3,33858885
summary,SPSCQueue3,31116995
summary,SPSCQueue3,25027535
summary,SPSCQueue3,30926428
summary,SPSCQueue3,34473867
summary,SPSCQueue3,49086168
summary,SPSCQueue3,35867700
summary,SPSCQueue3,30788546
summary,SPSCQueue3,31678865
summary,SPSCQueue3,45662366
summary,SPSCQueue3,42267930
summary,SPSCQueue3,33097913
summary,SPSCQueue3,38095065
summary,SPSCQueue3,27691888
summary,SPSCQueue3,19289899
summary,SPSCQueue3,33138762
summary,SPSCQueue3,33194155
summary,SPSCQueue3,33393562
summary,SPSCQueue3,30013188
summary,SPSCQueue3,25917245
summary,SPSCQueue3,36900537
summary,SPSCQueue3,28391052
summary,SPSCQueue3,25817164
summary,SPSCQueue3,27311252
summary,SPSCQueue3,26960765
summary,SPSCQueue4,39592059
summary,SPSCQueue4,25824228
summary,SPSCQueue4,21213630
summary,SPSCQueue4,25280627
summary,SPSCQueue4,28568053
summary,SPSCQueue4,22029116
summary,SPSCQueue4,32210447
summary,SPSCQueue4,22320469
summary,SPSCQueue4,32108389
summary,SPSCQueue4,35074187
summary,SPSCQueue4,26860164
summary,SPSCQueue4,17631421
summary,SPSCQueue4,29776992
summary,SPSCQueue4,33866759
summary,SPSCQueue4,40011284
summary,SPSCQueue4,48658433
summary,SPSCQueue4,31986853
summary,SPSCQueue4,22157473
summary,SPSCQueue4,29766215
summary,SPSCQueue4,24430284
summary,SPSCQueue4,16227469
summary,SPSCQueue4,25331715
summary,SPSCQueue4,28973391
summary,SPSCQueue4,26666161
summary,SPSCQueue4,21681284
summary,SPSCQueue4,34500316
summary,SPSCQueue4,23900184
summary,SPSCQueue4,25224769
summary,SPSCQueue4,30878493
summary,SPSCQueue4,24661453
summary,SPSCQueue5,14993202
summary,SPSCQueue5,14887032
summary,SPSCQueue5,26055681
summary,SPSCQueue5,21512134
summary,SPSCQueue5,19810218
summary,SPSCQueue5,26705573
summary,SPSCQueue5,27418676
summary,SPSCQueue5,21518929
summary,SPSCQueue5,22096719
summary,SPSCQueue5,28901887
summary,SPSCQueue5,25399838
summary,SPSCQueue5,18979894
summary,SPSCQueue5,32480168
summary,SPSCQueue5,31549475
summary,SPSCQueue5,15740538
summary,SPSCQueue5,29149358
summary,SPSCQueue5,21985467
summary,SPSCQueue5,23213852
summary,SPSCQueue5,27031606
summary,SPSCQueue5,22947389
summary,SPSCQueue5,21560464
summary,SPSCQueue5,19379962
summary,SPSCQueue5,24295391
summary,SPSCQueue5,25288924
summary,SPSCQueue5,15382380
summary,SPSCQueue5,23329019
summary,SPSCQueue5,22487544
summary,SPSCQueue5,23663312
summary,SPSCQueue5,27209581
summary,SPSCQueue5,31639938
summary,jvmopts,-XX:+UseCondCardMark
summary,Same Core
summary,P1C1QueueOriginal3,99878750
summary,P1C1QueueOriginal3,102446459
summary,P1C1QueueOriginal3,102503382
summary,P1C1QueueOriginal3,102813148
summary,P1C1QueueOriginal3,102129295
summary,P1C1QueueOriginal3,102134775
summary,P1C1QueueOriginal3,103568040
summary,P1C1QueueOriginal3,102010060
summary,P1C1QueueOriginal3,106339455
summary,P1C1QueueOriginal3,97777211
summary,P1C1QueueOriginal3,102253598
summary,P1C1QueueOriginal3,102452876
summary,P1C1QueueOriginal3,103411886
summary,P1C1QueueOriginal3,102650904
summary,P1C1QueueOriginal3,102472848
summary,P1C1QueueOriginal3,103173775
summary,P1C1QueueOriginal3,103031420
summary,P1C1QueueOriginal3,103586055
summary,P1C1QueueOriginal3,102707907
summary,P1C1QueueOriginal3,100440152
summary,P1C1QueueOriginal3,102483118
summary,P1C1QueueOriginal3,102542792
summary,P1C1QueueOriginal3,103385223
summary,P1C1QueueOriginal3,102400183
summary,P1C1QueueOriginal3,102666721
summary,P1C1QueueOriginal3,102575959
summary,P1C1QueueOriginal3,102723756
summary,P1C1QueueOriginal3,102448736
summary,P1C1QueueOriginal3,103433717
summary,P1C1QueueOriginal3,102203995
summary,P1C1QueueOriginal3PadData,89213814
summary,P1C1QueueOriginal3PadData,89338665
summary,P1C1QueueOriginal3PadData,90596187
summary,P1C1QueueOriginal3PadData,90447238
summary,P1C1QueueOriginal3PadData,90111464
summary,P1C1QueueOriginal3PadData,89298053
summary,P1C1QueueOriginal3PadData,89289383
summary,P1C1QueueOriginal3PadData,89056869
summary,P1C1QueueOriginal3PadData,89638869
summary,P1C1QueueOriginal3PadData,90573325
summary,P1C1QueueOriginal3PadData,89484242
summary,P1C1QueueOriginal3PadData,89357420
summary,P1C1QueueOriginal3PadData,88984907
summary,P1C1QueueOriginal3PadData,89817518
summary,P1C1QueueOriginal3PadData,90503216
summary,P1C1QueueOriginal3PadData,89826383
summary,P1C1QueueOriginal3PadData,89165659
summary,P1C1QueueOriginal3PadData,90491403
summary,P1C1QueueOriginal3PadData,89310369
summary,P1C1QueueOriginal3PadData,89548168
summary,P1C1QueueOriginal3PadData,89130697
summary,P1C1QueueOriginal3PadData,89202652
summary,P1C1QueueOriginal3PadData,89855182
summary,P1C1QueueOriginal3PadData,87659350
summary,P1C1QueueOriginal3PadData,89220902
summary,P1C1QueueOriginal3PadData,87363969
summary,P1C1QueueOriginal3PadData,89605139
summary,P1C1QueueOriginal3PadData,89789892
summary,P1C1QueueOriginal3PadData,89774403
summary,P1C1QueueOriginal3PadData,90458364
summary,SPSCQueue1,113929660
summary,SPSCQueue1,113924583
summary,SPSCQueue1,115047229
summary,SPSCQueue1,106038303
summary,SPSCQueue1,113725106
summary,SPSCQueue1,107550574
summary,SPSCQueue1,113943685
summary,SPSCQueue1,111398213
summary,SPSCQueue1,111323651
summary,SPSCQueue1,114679215
summary,SPSCQueue1,111314754
summary,SPSCQueue1,111383663
summary,SPSCQueue1,106391429
summary,SPSCQueue1,113322911
summary,SPSCQueue1,111397823
summary,SPSCQueue1,114570286
summary,SPSCQueue1,113246500
summary,SPSCQueue1,111113850
summary,SPSCQueue1,113935060
summary,SPSCQueue1,111363174
summary,SPSCQueue1,114436215
summary,SPSCQueue1,107497692
summary,SPSCQueue1,113208075
summary,SPSCQueue1,110957867
summary,SPSCQueue1,113873409
summary,SPSCQueue1,111370045
summary,SPSCQueue1,111343984
summary,SPSCQueue1,113306487
summary,SPSCQueue1,111382370
summary,SPSCQueue1,113276791
summary,SPSCQueue2,91547920
summary,SPSCQueue2,91543356
summary,SPSCQueue2,93146433
summary,SPSCQueue2,91622560
summary,SPSCQueue2,92811267
summary,SPSCQueue2,90472922
summary,SPSCQueue2,93885074
summary,SPSCQueue2,90461921
summary,SPSCQueue2,91046789
summary,SPSCQueue2,91013738
summary,SPSCQueue2,91016014
summary,SPSCQueue2,90787417
summary,SPSCQueue2,91566958
summary,SPSCQueue2,91038397
summary,SPSCQueue2,91524951
summary,SPSCQueue2,92993798
summary,SPSCQueue2,91527581
summary,SPSCQueue2,91642999
summary,SPSCQueue2,91657313
summary,SPSCQueue2,92788456
summary,SPSCQueue2,91093191
summary,SPSCQueue2,91056587
summary,SPSCQueue2,91057160
summary,SPSCQueue2,91478433
summary,SPSCQueue2,92746701
summary,SPSCQueue2,91014973
summary,SPSCQueue2,92302119
summary,SPSCQueue2,91487102
summary,SPSCQueue2,91110301
summary,SPSCQueue2,89930561
summary,SPSCQueue3,97768131
summary,SPSCQueue3,98206058
summary,SPSCQueue3,100192998
summary,SPSCQueue3,98015059
summary,SPSCQueue3,98007261
summary,SPSCQueue3,97970516
summary,SPSCQueue3,97595748
summary,SPSCQueue3,98205350
summary,SPSCQueue3,97822952
summary,SPSCQueue3,97584709
summary,SPSCQueue3,98464067
summary,SPSCQueue3,97873627
summary,SPSCQueue3,98017750
summary,SPSCQueue3,97782571
summary,SPSCQueue3,100052025
summary,SPSCQueue3,97892522
summary,SPSCQueue3,97824340
summary,SPSCQueue3,98329929
summary,SPSCQueue3,100140904
summary,SPSCQueue3,99599450
summary,SPSCQueue3,97485647
summary,SPSCQueue3,98707062
summary,SPSCQueue3,98180784
summary,SPSCQueue3,98384187
summary,SPSCQueue3,98187874
summary,SPSCQueue3,105325840
summary,SPSCQueue3,97597666
summary,SPSCQueue3,99938440
summary,SPSCQueue3,97420384
summary,SPSCQueue3,97917452
summary,SPSCQueue4,104335260
summary,SPSCQueue4,106436023
summary,SPSCQueue4,104289554
summary,SPSCQueue4,105904679
summary,SPSCQueue4,103936354
summary,SPSCQueue4,106691378
summary,SPSCQueue4,103562736
summary,SPSCQueue4,105426287
summary,SPSCQueue4,106061059
summary,SPSCQueue4,106544764
summary,SPSCQueue4,104003971
summary,SPSCQueue4,104448762
summary,SPSCQueue4,105831632
summary,SPSCQueue4,106994407
summary,SPSCQueue4,106580175
summary,SPSCQueue4,103650822
summary,SPSCQueue4,105674873
summary,SPSCQueue4,106503451
summary,SPSCQueue4,103911242
summary,SPSCQueue4,106499029
summary,SPSCQueue4,103963767
summary,SPSCQueue4,105886074
summary,SPSCQueue4,106517376
summary,SPSCQueue4,106501320
summary,SPSCQueue4,105575592
summary,SPSCQueue4,106110218
summary,SPSCQueue4,106084682
summary,SPSCQueue4,103933171
summary,SPSCQueue4,103794589
summary,SPSCQueue4,103758630
summary,SPSCQueue5,92379241
summary,SPSCQueue5,95913228
summary,SPSCQueue5,95825466
summary,SPSCQueue5,96242316
summary,SPSCQueue5,96360904
summary,SPSCQueue5,96457995
summary,SPSCQueue5,96509619
summary,SPSCQueue5,96234664
summary,SPSCQueue5,96192578
summary,SPSCQueue5,95883786
summary,SPSCQueue5,95627802
summary,SPSCQueue5,96499170
summary,SPSCQueue5,96192298
summary,SPSCQueue5,96494541
summary,SPSCQueue5,96306060
summary,SPSCQueue5,96358013
summary,SPSCQueue5,96812889
summary,SPSCQueue5,96883253
summary,SPSCQueue5,96167661
summary,SPSCQueue5,96761269
summary,SPSCQueue5,96368813
summary,SPSCQueue5,96230219
summary,SPSCQueue5,96580463
summary,SPSCQueue5,96471929
summary,SPSCQueue5,96384862
summary,SPSCQueue5,96355310
summary,SPSCQueue5,96649338
summary,SPSCQueue5,96520732
summary,SPSCQueue5,96011658
summary,SPSCQueue5,96158545
summary,Cross Core
summary,P1C1QueueOriginal3,110670362
summary,P1C1QueueOriginal3,55642920
summary,P1C1QueueOriginal3,119446148
summary,P1C1QueueOriginal3,104664210
summary,P1C1QueueOriginal3,110244270
summary,P1C1QueueOriginal3,64834387
summary,P1C1QueueOriginal3,123150598
summary,P1C1QueueOriginal3,108733574
summary,P1C1QueueOriginal3,118830900
summary,P1C1QueueOriginal3,131540061
summary,P1C1QueueOriginal3,144341572
summary,P1C1QueueOriginal3,123417117
summary,P1C1QueueOriginal3,137046775
summary,P1C1QueueOriginal3,153766403
summary,P1C1QueueOriginal3,150142118
summary,P1C1QueueOriginal3,152645148
summary,P1C1QueueOriginal3,124260491
summary,P1C1QueueOriginal3,60382255
summary,P1C1QueueOriginal3,120903133
summary,P1C1QueueOriginal3,149501841
summary,P1C1QueueOriginal3,123672487
summary,P1C1QueueOriginal3,150817291
summary,P1C1QueueOriginal3,117388691
summary,P1C1QueueOriginal3,127194362
summary,P1C1QueueOriginal3,146524692
summary,P1C1QueueOriginal3,123010017
summary,P1C1QueueOriginal3,107807217
summary,P1C1QueueOriginal3,126776471
summary,P1C1QueueOriginal3,127113124
summary,P1C1QueueOriginal3,152201472
summary,P1C1QueueOriginal3PadData,131143297
summary,P1C1QueueOriginal3PadData,133211710
summary,P1C1QueueOriginal3PadData,86156685
summary,P1C1QueueOriginal3PadData,124261604
summary,P1C1QueueOriginal3PadData,135977353
summary,P1C1QueueOriginal3PadData,131306975
summary,P1C1QueueOriginal3PadData,124010363
summary,P1C1QueueOriginal3PadData,131285697
summary,P1C1QueueOriginal3PadData,138125739
summary,P1C1QueueOriginal3PadData,59285402
summary,P1C1QueueOriginal3PadData,129752419
summary,P1C1QueueOriginal3PadData,141552646
summary,P1C1QueueOriginal3PadData,157691910
summary,P1C1QueueOriginal3PadData,138166290
summary,P1C1QueueOriginal3PadData,160678764
summary,P1C1QueueOriginal3PadData,136072814
summary,P1C1QueueOriginal3PadData,143680866
summary,P1C1QueueOriginal3PadData,125064416
summary,P1C1QueueOriginal3PadData,58856325
summary,P1C1QueueOriginal3PadData,158164048
summary,P1C1QueueOriginal3PadData,118746080
summary,P1C1QueueOriginal3PadData,157451468
summary,P1C1QueueOriginal3PadData,128475002
summary,P1C1QueueOriginal3PadData,131178418
summary,P1C1QueueOriginal3PadData,158375969
summary,P1C1QueueOriginal3PadData,125605748
summary,P1C1QueueOriginal3PadData,57789756
summary,P1C1QueueOriginal3PadData,126866658
summary,P1C1QueueOriginal3PadData,143930254
summary,P1C1QueueOriginal3PadData,134319900
summary,SPSCQueue1,182624784
summary,SPSCQueue1,115373831
summary,SPSCQueue1,124629517
summary,SPSCQueue1,124958224
summary,SPSCQueue1,122321044
summary,SPSCQueue1,112772878
summary,SPSCQueue1,174549634
summary,SPSCQueue1,117593960
summary,SPSCQueue1,120744764
summary,SPSCQueue1,178669894
summary,SPSCQueue1,80961525
summary,SPSCQueue1,122328930
summary,SPSCQueue1,145640970
summary,SPSCQueue1,121745603
summary,SPSCQueue1,117620888
summary,SPSCQueue1,142284800
summary,SPSCQueue1,180477489
summary,SPSCQueue1,123305714
summary,SPSCQueue1,120952087
summary,SPSCQueue1,145703668
summary,SPSCQueue1,120751685
summary,SPSCQueue1,122292719
summary,SPSCQueue1,181975728
summary,SPSCQueue1,115732074
summary,SPSCQueue1,61791018
summary,SPSCQueue1,182474565
summary,SPSCQueue1,124137104
summary,SPSCQueue1,122368360
summary,SPSCQueue1,123987379
summary,SPSCQueue1,110819434
summary,SPSCQueue2,94213294
summary,SPSCQueue2,99127179
summary,SPSCQueue2,150480472
summary,SPSCQueue2,136988256
summary,SPSCQueue2,128530246
summary,SPSCQueue2,128918458
summary,SPSCQueue2,130988085
summary,SPSCQueue2,88361524
summary,SPSCQueue2,131700945
summary,SPSCQueue2,126090394
summary,SPSCQueue2,123879289
summary,SPSCQueue2,138534296
summary,SPSCQueue2,123448873
summary,SPSCQueue2,104919169
summary,SPSCQueue2,117427385
summary,SPSCQueue2,128553962
summary,SPSCQueue2,109418055
summary,SPSCQueue2,136436481
summary,SPSCQueue2,93959859
summary,SPSCQueue2,147349619
summary,SPSCQueue2,101396547
summary,SPSCQueue2,147907047
summary,SPSCQueue2,96645702
summary,SPSCQueue2,128779511
summary,SPSCQueue2,125436681
summary,SPSCQueue2,158308513
summary,SPSCQueue2,93593212
summary,SPSCQueue2,134577666
summary,SPSCQueue2,95654569
summary,SPSCQueue2,69038565
summary,SPSCQueue3,105167065
summary,SPSCQueue3,94639455
summary,SPSCQueue3,95280505
summary,SPSCQueue3,123478103
summary,SPSCQueue3,125868239
summary,SPSCQueue3,106100888
summary,SPSCQueue3,122237698
summary,SPSCQueue3,92254365
summary,SPSCQueue3,126031255
summary,SPSCQueue3,103586245
summary,SPSCQueue3,121377325
summary,SPSCQueue3,127052443
summary,SPSCQueue3,123262170
summary,SPSCQueue3,124275921
summary,SPSCQueue3,96570816
summary,SPSCQueue3,117530831
summary,SPSCQueue3,122249198
summary,SPSCQueue3,92683705
summary,SPSCQueue3,95593981
summary,SPSCQueue3,126976961
summary,SPSCQueue3,103214990
summary,SPSCQueue3,122772583
summary,SPSCQueue3,125469716
summary,SPSCQueue3,105049413
summary,SPSCQueue3,123337699
summary,SPSCQueue3,117276936
summary,SPSCQueue3,102938333
summary,SPSCQueue3,129149478
summary,SPSCQueue3,102248538
summary,SPSCQueue3,106203248
summary,SPSCQueue4,139226922
summary,SPSCQueue4,99641508
summary,SPSCQueue4,110273283
summary,SPSCQueue4,145258832
summary,SPSCQueue4,145331335
summary,SPSCQueue4,142725325
summary,SPSCQueue4,111404418
summary,SPSCQueue4,103179696
summary,SPSCQueue4,107583591
summary,SPSCQueue4,109960855
summary,SPSCQueue4,112641853
summary,SPSCQueue4,146876307
summary,SPSCQueue4,146118526
summary,SPSCQueue4,143945724
summary,SPSCQueue4,105417940
summary,SPSCQueue4,106906444
summary,SPSCQueue4,140898962
summary,SPSCQueue4,106764082
summary,SPSCQueue4,141669487
summary,SPSCQueue4,101903289
summary,SPSCQueue4,111115481
summary,SPSCQueue4,103986006
summary,SPSCQueue4,138060134
summary,SPSCQueue4,149902487
summary,SPSCQueue4,118686483
summary,SPSCQueue4,147460154
summary,SPSCQueue4,137257151
summary,SPSCQueue4,106067475
summary,SPSCQueue4,151680378
summary,SPSCQueue4,110242756
summary,SPSCQueue5,119371464
summary,SPSCQueue5,107637421
summary,SPSCQueue5,112503633
summary,SPSCQueue5,84142759
summary,SPSCQueue5,97004038
summary,SPSCQueue5,107408937
summary,SPSCQueue5,113443382
summary,SPSCQueue5,111905233
summary,SPSCQueue5,94700723
summary,SPSCQueue5,98094865
summary,SPSCQueue5,113809241
summary,SPSCQueue5,95666244
summary,SPSCQueue5,113811384
summary,SPSCQueue5,112408125
summary,SPSCQueue5,117309104
summary,SPSCQueue5,89387287
summary,SPSCQueue5,114458218
summary,SPSCQueue5,116827641
summary,SPSCQueue5,102175302
summary,SPSCQueue5,110854129
summary,SPSCQueue5,115097839
summary,SPSCQueue5,120054534
summary,SPSCQueue5,113875810
summary,SPSCQueue5,96238998
summary,SPSCQueue5,86879076
summary,SPSCQueue5,95727310
summary,SPSCQueue5,94188324
summary,SPSCQueue5,103421210
summary,SPSCQueue5,91895694
summary,SPSCQueue5,104585260
summary,Cross Socket
summary,P1C1QueueOriginal3,39708497
summary,P1C1QueueOriginal3,27043595
summary,P1C1QueueOriginal3,24579164
summary,P1C1QueueOriginal3,37104432
summary,P1C1QueueOriginal3,30282389
summary,P1C1QueueOriginal3,17372629
summary,P1C1QueueOriginal3,14960486
summary,P1C1QueueOriginal3,38280079
summary,P1C1QueueOriginal3,31875292
summary,P1C1QueueOriginal3,21214906
summary,P1C1QueueOriginal3,15569243
summary,P1C1QueueOriginal3,43196683
summary,P1C1QueueOriginal3,17818844
summary,P1C1QueueOriginal3,25227588
summary,P1C1QueueOriginal3,40010418
summary,P1C1QueueOriginal3,36960429
summary,P1C1QueueOriginal3,12133517
summary,P1C1QueueOriginal3,24392103
summary,P1C1QueueOriginal3,38806911
summary,P1C1QueueOriginal3,14828884
summary,P1C1QueueOriginal3,13179763
summary,P1C1QueueOriginal3,17564989
summary,P1C1QueueOriginal3,24950790
summary,P1C1QueueOriginal3,18017543
summary,P1C1QueueOriginal3,26436891
summary,P1C1QueueOriginal3,31748918
summary,P1C1QueueOriginal3,48629034
summary,P1C1QueueOriginal3,20816731
summary,P1C1QueueOriginal3,29764567
summary,P1C1QueueOriginal3,17170734
summary,P1C1QueueOriginal3PadData,18933979
summary,P1C1QueueOriginal3PadData,33309896
summary,P1C1QueueOriginal3PadData,20409688
summary,P1C1QueueOriginal3PadData,16853774
summary,P1C1QueueOriginal3PadData,21013830
summary,P1C1QueueOriginal3PadData,18105974
summary,P1C1QueueOriginal3PadData,18631444
summary,P1C1QueueOriginal3PadData,20624224
summary,P1C1QueueOriginal3PadData,21900689
summary,P1C1QueueOriginal3PadData,26128780
summary,P1C1QueueOriginal3PadData,19293074
summary,P1C1QueueOriginal3PadData,17506471
summary,P1C1QueueOriginal3PadData,20525668
summary,P1C1QueueOriginal3PadData,20017291
summary,P1C1QueueOriginal3PadData,20328521
summary,P1C1QueueOriginal3PadData,16462980
summary,P1C1QueueOriginal3PadData,27777511
summary,P1C1QueueOriginal3PadData,17763997
summary,P1C1QueueOriginal3PadData,22352132
summary,P1C1QueueOriginal3PadData,14023562
summary,P1C1QueueOriginal3PadData,27147169
summary,P1C1QueueOriginal3PadData,25501029
summary,P1C1QueueOriginal3PadData,19009026
summary,P1C1QueueOriginal3PadData,15828190
summary,P1C1QueueOriginal3PadData,18106325
summary,P1C1QueueOriginal3PadData,24939513
summary,P1C1QueueOriginal3PadData,22583844
summary,P1C1QueueOriginal3PadData,39441339
summary,P1C1QueueOriginal3PadData,17748293
summary,P1C1QueueOriginal3PadData,22510365
summary,SPSCQueue1,23626683
summary,SPSCQueue1,43050667
summary,SPSCQueue1,22799726
summary,SPSCQueue1,22702941
summary,SPSCQueue1,21160177
summary,SPSCQueue1,23888320
summary,SPSCQueue1,12547440
summary,SPSCQueue1,23422686
summary,SPSCQueue1,30693875
summary,SPSCQueue1,22393394
summary,SPSCQueue1,29389432
summary,SPSCQueue1,23801905
summary,SPSCQueue1,27946758
summary,SPSCQueue1,12146897
summary,SPSCQueue1,21035305
summary,SPSCQueue1,32837689
summary,SPSCQueue1,12447778
summary,SPSCQueue1,29867272
summary,SPSCQueue1,17958781
summary,SPSCQueue1,15012858
summary,SPSCQueue1,10979951
summary,SPSCQueue1,25019828
summary,SPSCQueue1,23153779
summary,SPSCQueue1,29022831
summary,SPSCQueue1,24168911
summary,SPSCQueue1,23465205
summary,SPSCQueue1,28052013
summary,SPSCQueue1,11583578
summary,SPSCQueue1,26953239
summary,SPSCQueue1,22800763
summary,SPSCQueue2,25240747
summary,SPSCQueue2,26521662
summary,SPSCQueue2,18992680
summary,SPSCQueue2,14904348
summary,SPSCQueue2,14014857
summary,SPSCQueue2,22521824
summary,SPSCQueue2,22043587
summary,SPSCQueue2,24476689
summary,SPSCQueue2,21563853
summary,SPSCQueue2,20479048
summary,SPSCQueue2,13171494
summary,SPSCQueue2,25211957
summary,SPSCQueue2,22351637
summary,SPSCQueue2,22576538
summary,SPSCQueue2,22876354
summary,SPSCQueue2,16143943
summary,SPSCQueue2,12941254
summary,SPSCQueue2,22266032
summary,SPSCQueue2,11962267
summary,SPSCQueue2,19181433
summary,SPSCQueue2,23784283
summary,SPSCQueue2,13559788
summary,SPSCQueue2,21342627
summary,SPSCQueue2,20192656
summary,SPSCQueue2,10427446
summary,SPSCQueue2,19177843
summary,SPSCQueue2,23033383
summary,SPSCQueue2,21327838
summary,SPSCQueue2,14802798
summary,SPSCQueue2,19682218
summary,SPSCQueue3,18366266
summary,SPSCQueue3,13450293
summary,SPSCQueue3,24902337
summary,SPSCQueue3,22855582
summary,SPSCQueue3,23792686
summary,SPSCQueue3,14923990
summary,SPSCQueue3,16935667
summary,SPSCQueue3,23048858
summary,SPSCQueue3,14685705
summary,SPSCQueue3,19898167
summary,SPSCQueue3,16205247
summary,SPSCQueue3,14523994
summary,SPSCQueue3,28268942
summary,SPSCQueue3,16226524
summary,SPSCQueue3,14089200
summary,SPSCQueue3,20404243
summary,SPSCQueue3,17171852
summary,SPSCQueue3,16864122
summary,SPSCQueue3,12459310
summary,SPSCQueue3,26578239
summary,SPSCQueue3,15972022
summary,SPSCQueue3,12280928
summary,SPSCQueue3,23362553
summary,SPSCQueue3,16472453
summary,SPSCQueue3,22275739
summary,SPSCQueue3,17381190
summary,SPSCQueue3,18611615
summary,SPSCQueue3,13292846
summary,SPSCQueue3,20367902
summary,SPSCQueue3,17154180
summary,SPSCQueue4,32413011
summary,SPSCQueue4,17759003
summary,SPSCQueue4,15653241
summary,SPSCQueue4,29056290
summary,SPSCQueue4,13480621
summary,SPSCQueue4,27897820
summary,SPSCQueue4,14873318
summary,SPSCQueue4,17315907
summary,SPSCQueue4,29656095
summary,SPSCQueue4,16893909
summary,SPSCQueue4,13657149
summary,SPSCQueue4,25406871
summary,SPSCQueue4,20063722
summary,SPSCQueue4,21157045
summary,SPSCQueue4,32048225
summary,SPSCQueue4,15895763
summary,SPSCQueue4,15956930
summary,SPSCQueue4,19138745
summary,SPSCQueue4,12706661
summary,SPSCQueue4,12494327
summary,SPSCQueue4,14241718
summary,SPSCQueue4,15128090
summary,SPSCQueue4,29732102
summary,SPSCQueue4,25262128
summary,SPSCQueue4,24571974
summary,SPSCQueue4,23934881
summary,SPSCQueue4,16539715
summary,SPSCQueue4,16063596
summary,SPSCQueue4,21846882
summary,SPSCQueue4,13058359
summary,SPSCQueue5,25224638
summary,SPSCQueue5,27810494
summary,SPSCQueue5,22881896
summary,SPSCQueue5,28326026
summary,SPSCQueue5,19727812
summary,SPSCQueue5,27473024
summary,SPSCQueue5,24604629
summary,SPSCQueue5,21223716
summary,SPSCQueue5,27738711
summary,SPSCQueue5,22267259
summary,SPSCQueue5,29307372
summary,SPSCQueue5,16420335
summary,SPSCQueue5,31816402
summary,SPSCQueue5,28900566
summary,SPSCQueue5,25710375
summary,SPSCQueue5,21264590
summary,SPSCQueue5,21546872
summary,SPSCQueue5,19661177
summary,SPSCQueue5,24865279
summary,SPSCQueue5,29657132
summary,SPSCQueue5,31006380
summary,SPSCQueue5,19430391
summary,SPSCQueue5,22471168
summary,SPSCQueue5,22294325
summary,SPSCQueue5,19752406
summary,SPSCQueue5,22131866
summary,SPSCQueue5,24173714
summary,SPSCQueue5,23444329
summary,SPSCQueue5,22343835
summary,SPSCQueue5,24436840
summary,jvmopts,-XX:+UseCondCardMark -XX:CompileThreshold=100000
summary,Same Core
summary,P1C1QueueOriginal3,103326423
summary,P1C1QueueOriginal3,103558176
summary,P1C1QueueOriginal3,103375074
summary,P1C1QueueOriginal3,103561171
summary,P1C1QueueOriginal3,103391561
summary,P1C1QueueOriginal3,103372883
summary,P1C1QueueOriginal3,96740585
summary,P1C1QueueOriginal3,103085159
summary,P1C1QueueOriginal3,103282225
summary,P1C1QueueOriginal3,103034580
summary,P1C1QueueOriginal3,102409695
summary,P1C1QueueOriginal3,103340426
summary,P1C1QueueOriginal3,103359452
summary,P1C1QueueOriginal3,103478461
summary,P1C1QueueOriginal3,102772668
summary,P1C1QueueOriginal3,103415047
summary,P1C1QueueOriginal3,103231921
summary,P1C1QueueOriginal3,102809911
summary,P1C1QueueOriginal3,103488061
summary,P1C1QueueOriginal3,102928232
summary,P1C1QueueOriginal3,103670551
summary,P1C1QueueOriginal3,103113974
summary,P1C1QueueOriginal3,103403270
summary,P1C1QueueOriginal3,103415766
summary,P1C1QueueOriginal3,103103578
summary,P1C1QueueOriginal3,103300580
summary,P1C1QueueOriginal3,103566581
summary,P1C1QueueOriginal3,103367149
summary,P1C1QueueOriginal3,102958221
summary,P1C1QueueOriginal3,101976686
summary,P1C1QueueOriginal3PadData,90333609
summary,P1C1QueueOriginal3PadData,89945876
summary,P1C1QueueOriginal3PadData,90088804
summary,P1C1QueueOriginal3PadData,90227276
summary,P1C1QueueOriginal3PadData,90290543
summary,P1C1QueueOriginal3PadData,89514318
summary,P1C1QueueOriginal3PadData,89507033
summary,P1C1QueueOriginal3PadData,89600125
summary,P1C1QueueOriginal3PadData,89990738
summary,P1C1QueueOriginal3PadData,89220545
summary,P1C1QueueOriginal3PadData,90197159
summary,P1C1QueueOriginal3PadData,89633174
summary,P1C1QueueOriginal3PadData,90212666
summary,P1C1QueueOriginal3PadData,89291497
summary,P1C1QueueOriginal3PadData,90155314
summary,P1C1QueueOriginal3PadData,90111447
summary,P1C1QueueOriginal3PadData,89492221
summary,P1C1QueueOriginal3PadData,89244952
summary,P1C1QueueOriginal3PadData,90293844
summary,P1C1QueueOriginal3PadData,90057697
summary,P1C1QueueOriginal3PadData,89271681
summary,P1C1QueueOriginal3PadData,89633387
summary,P1C1QueueOriginal3PadData,89650272
summary,P1C1QueueOriginal3PadData,90033834
summary,P1C1QueueOriginal3PadData,90245308
summary,P1C1QueueOriginal3PadData,89543441
summary,P1C1QueueOriginal3PadData,90284962
summary,P1C1QueueOriginal3PadData,90146208
summary,P1C1QueueOriginal3PadData,89418385
summary,P1C1QueueOriginal3PadData,90222575
summary,SPSCQueue1,105582098
summary,SPSCQueue1,105351977
summary,SPSCQueue1,105191895
summary,SPSCQueue1,106702609
summary,SPSCQueue1,104599324
summary,SPSCQueue1,106496254
summary,SPSCQueue1,105745007
summary,SPSCQueue1,105330914
summary,SPSCQueue1,105937649
summary,SPSCQueue1,105775273
summary,SPSCQueue1,105805086
summary,SPSCQueue1,104822578
summary,SPSCQueue1,105734754
summary,SPSCQueue1,105911019
summary,SPSCQueue1,106707861
summary,SPSCQueue1,105668653
summary,SPSCQueue1,105969373
summary,SPSCQueue1,105963384
summary,SPSCQueue1,105321978
summary,SPSCQueue1,105292278
summary,SPSCQueue1,105574434
summary,SPSCQueue1,105258703
summary,SPSCQueue1,105749771
summary,SPSCQueue1,105068186
summary,SPSCQueue1,105732067
summary,SPSCQueue1,106708209
summary,SPSCQueue1,104759351
summary,SPSCQueue1,105679319
summary,SPSCQueue1,105393352
summary,SPSCQueue1,105314608
summary,SPSCQueue2,97753207
summary,SPSCQueue2,99504365
summary,SPSCQueue2,97247706
summary,SPSCQueue2,97360496
summary,SPSCQueue2,99507532
summary,SPSCQueue2,98212928
summary,SPSCQueue2,98226240
summary,SPSCQueue2,98249965
summary,SPSCQueue2,99366861
summary,SPSCQueue2,98178851
summary,SPSCQueue2,98428565
summary,SPSCQueue2,99468669
summary,SPSCQueue2,98310327
summary,SPSCQueue2,98031953
summary,SPSCQueue2,98415769
summary,SPSCQueue2,98358278
summary,SPSCQueue2,98543730
summary,SPSCQueue2,98345557
summary,SPSCQueue2,99689172
summary,SPSCQueue2,96118276
summary,SPSCQueue2,99466046
summary,SPSCQueue2,97222574
summary,SPSCQueue2,97972519
summary,SPSCQueue2,97265403
summary,SPSCQueue2,97317592
summary,SPSCQueue2,97324029
summary,SPSCQueue2,98538027
summary,SPSCQueue2,98511867
summary,SPSCQueue2,98344394
summary,SPSCQueue2,98198558
summary,SPSCQueue3,107277924
summary,SPSCQueue3,105046197
summary,SPSCQueue3,105449547
summary,SPSCQueue3,105981872
summary,SPSCQueue3,106385155
summary,SPSCQueue3,107151541
summary,SPSCQueue3,107112781
summary,SPSCQueue3,105879722
summary,SPSCQueue3,106860846
summary,SPSCQueue3,106484318
summary,SPSCQueue3,105497557
summary,SPSCQueue3,105969992
summary,SPSCQueue3,106348948
summary,SPSCQueue3,105938176
summary,SPSCQueue3,105325820
summary,SPSCQueue3,106395183
summary,SPSCQueue3,105868696
summary,SPSCQueue3,106359200
summary,SPSCQueue3,105639988
summary,SPSCQueue3,105755090
summary,SPSCQueue3,105644434
summary,SPSCQueue3,105559077
summary,SPSCQueue3,105617141
summary,SPSCQueue3,105958985
summary,SPSCQueue3,105633881
summary,SPSCQueue3,105249664
summary,SPSCQueue3,105114731
summary,SPSCQueue3,107223705
summary,SPSCQueue3,107188592
summary,SPSCQueue3,105540129
summary,SPSCQueue4,114185507
summary,SPSCQueue4,113538945
summary,SPSCQueue4,114768342
summary,SPSCQueue4,114665093
summary,SPSCQueue4,113013549
summary,SPSCQueue4,114160012
summary,SPSCQueue4,113785304
summary,SPSCQueue4,114259146
summary,SPSCQueue4,114674900
summary,SPSCQueue4,112655422
summary,SPSCQueue4,114320022
summary,SPSCQueue4,113145826
summary,SPSCQueue4,113402017
summary,SPSCQueue4,114313772
summary,SPSCQueue4,114363529
summary,SPSCQueue4,114220608
summary,SPSCQueue4,114232329
summary,SPSCQueue4,114213068
summary,SPSCQueue4,113562966
summary,SPSCQueue4,113393415
summary,SPSCQueue4,114287717
summary,SPSCQueue4,114268697
summary,SPSCQueue4,113315000
summary,SPSCQueue4,113517793
summary,SPSCQueue4,114574547
summary,SPSCQueue4,114320174
summary,SPSCQueue4,114814282
summary,SPSCQueue4,112724311
summary,SPSCQueue4,114298151
summary,SPSCQueue4,114487980
summary,SPSCQueue5,113120561
summary,SPSCQueue5,114156601
summary,SPSCQueue5,114133717
summary,SPSCQueue5,113193413
summary,SPSCQueue5,113597054
summary,SPSCQueue5,114154444
summary,SPSCQueue5,114207779
summary,SPSCQueue5,114318813
summary,SPSCQueue5,113149904
summary,SPSCQueue5,114269727
summary,SPSCQueue5,114209740
summary,SPSCQueue5,113189576
summary,SPSCQueue5,114396774
summary,SPSCQueue5,114232584
summary,SPSCQueue5,114298809
summary,SPSCQueue5,114233258
summary,SPSCQueue5,115013878
summary,SPSCQueue5,113213637
summary,SPSCQueue5,113201257
summary,SPSCQueue5,114388889
summary,SPSCQueue5,113219436
summary,SPSCQueue5,113245137
summary,SPSCQueue5,114513228
summary,SPSCQueue5,113865332
summary,SPSCQueue5,113590537
summary,SPSCQueue5,113259303
summary,SPSCQueue5,114500583
summary,SPSCQueue5,114382834
summary,SPSCQueue5,114427268
summary,SPSCQueue5,114269016
summary,Cross Core
summary,P1C1QueueOriginal3,104669699
summary,P1C1QueueOriginal3,107924908
summary,P1C1QueueOriginal3,111239400
summary,P1C1QueueOriginal3,106682415
summary,P1C1QueueOriginal3,62820370
summary,P1C1QueueOriginal3,119769471
summary,P1C1QueueOriginal3,110662197
summary,P1C1QueueOriginal3,110320465
summary,P1C1QueueOriginal3,124781347
summary,P1C1QueueOriginal3,112980394
summary,P1C1QueueOriginal3,120150875
summary,P1C1QueueOriginal3,115984661
summary,P1C1QueueOriginal3,111985584
summary,P1C1QueueOriginal3,116923744
summary,P1C1QueueOriginal3,120235977
summary,P1C1QueueOriginal3,124332688
summary,P1C1QueueOriginal3,110683935
summary,P1C1QueueOriginal3,110876496
summary,P1C1QueueOriginal3,121524863
summary,P1C1QueueOriginal3,110832486
summary,P1C1QueueOriginal3,116568745
summary,P1C1QueueOriginal3,110562949
summary,P1C1QueueOriginal3,121473036
summary,P1C1QueueOriginal3,104396720
summary,P1C1QueueOriginal3,119512521
summary,P1C1QueueOriginal3,102492842
summary,P1C1QueueOriginal3,113432190
summary,P1C1QueueOriginal3,116418493
summary,P1C1QueueOriginal3,112460832
summary,P1C1QueueOriginal3,112444369
summary,P1C1QueueOriginal3PadData,125955400
summary,P1C1QueueOriginal3PadData,120531819
summary,P1C1QueueOriginal3PadData,129547499
summary,P1C1QueueOriginal3PadData,121325321
summary,P1C1QueueOriginal3PadData,126608188
summary,P1C1QueueOriginal3PadData,124004586
summary,P1C1QueueOriginal3PadData,127297332
summary,P1C1QueueOriginal3PadData,122610718
summary,P1C1QueueOriginal3PadData,116070129
summary,P1C1QueueOriginal3PadData,121014996
summary,P1C1QueueOriginal3PadData,122316770
summary,P1C1QueueOriginal3PadData,120279742
summary,P1C1QueueOriginal3PadData,124156130
summary,P1C1QueueOriginal3PadData,58590806
summary,P1C1QueueOriginal3PadData,120622513
summary,P1C1QueueOriginal3PadData,131452517
summary,P1C1QueueOriginal3PadData,125332818
summary,P1C1QueueOriginal3PadData,128795006
summary,P1C1QueueOriginal3PadData,122236371
summary,P1C1QueueOriginal3PadData,126784539
summary,P1C1QueueOriginal3PadData,128599702
summary,P1C1QueueOriginal3PadData,122673257
summary,P1C1QueueOriginal3PadData,97422944
summary,P1C1QueueOriginal3PadData,62380654
summary,P1C1QueueOriginal3PadData,122571385
summary,P1C1QueueOriginal3PadData,128632000
summary,P1C1QueueOriginal3PadData,127170953
summary,P1C1QueueOriginal3PadData,128153208
summary,P1C1QueueOriginal3PadData,120092902
summary,P1C1QueueOriginal3PadData,125532399
summary,SPSCQueue1,79121495
summary,SPSCQueue1,82980746
summary,SPSCQueue1,63353601
summary,SPSCQueue1,102689009
summary,SPSCQueue1,103613940
summary,SPSCQueue1,136371635
summary,SPSCQueue1,88012756
summary,SPSCQueue1,83338191
summary,SPSCQueue1,129546152
summary,SPSCQueue1,103096375
summary,SPSCQueue1,97214268
summary,SPSCQueue1,86437947
summary,SPSCQueue1,107045705
summary,SPSCQueue1,86140064
summary,SPSCQueue1,84809872
summary,SPSCQueue1,103566906
summary,SPSCQueue1,103940055
summary,SPSCQueue1,96158293
summary,SPSCQueue1,105649656
summary,SPSCQueue1,72528132
summary,SPSCQueue1,107494368
summary,SPSCQueue1,69356310
summary,SPSCQueue1,105944807
summary,SPSCQueue1,87124558
summary,SPSCQueue1,66487171
summary,SPSCQueue1,69427394
summary,SPSCQueue1,103039378
summary,SPSCQueue1,87349402
summary,SPSCQueue1,59542696
summary,SPSCQueue1,99625638
summary,SPSCQueue2,78950232
summary,SPSCQueue2,108704058
summary,SPSCQueue2,109744985
summary,SPSCQueue2,109706348
summary,SPSCQueue2,112233348
summary,SPSCQueue2,110335311
summary,SPSCQueue2,120778946
summary,SPSCQueue2,107522646
summary,SPSCQueue2,102908352
summary,SPSCQueue2,108338467
summary,SPSCQueue2,109276129
summary,SPSCQueue2,110067766
summary,SPSCQueue2,83875068
summary,SPSCQueue2,106441779
summary,SPSCQueue2,104350477
summary,SPSCQueue2,110662102
summary,SPSCQueue2,108343195
summary,SPSCQueue2,104041186
summary,SPSCQueue2,97371264
summary,SPSCQueue2,107648721
summary,SPSCQueue2,105444501
summary,SPSCQueue2,109520138
summary,SPSCQueue2,103675422
summary,SPSCQueue2,109517678
summary,SPSCQueue2,91361676
summary,SPSCQueue2,98813250
summary,SPSCQueue2,104949466
summary,SPSCQueue2,109495909
summary,SPSCQueue2,109596070
summary,SPSCQueue2,104899066
summary,SPSCQueue3,101944496
summary,SPSCQueue3,101226218
summary,SPSCQueue3,101054039
summary,SPSCQueue3,94274181
summary,SPSCQueue3,103693036
summary,SPSCQueue3,94285891
summary,SPSCQueue3,106337337
summary,SPSCQueue3,105240561
summary,SPSCQueue3,100230845
summary,SPSCQueue3,101666051
summary,SPSCQueue3,102552228
summary,SPSCQueue3,96596107
summary,SPSCQueue3,91784106
summary,SPSCQueue3,99848268
summary,SPSCQueue3,96633904
summary,SPSCQueue3,106933533
summary,SPSCQueue3,101937464
summary,SPSCQueue3,100915554
summary,SPSCQueue3,102553448
summary,SPSCQueue3,104207418
summary,SPSCQueue3,95081161
summary,SPSCQueue3,102555717
summary,SPSCQueue3,104028086
summary,SPSCQueue3,102759557
summary,SPSCQueue3,101698386
summary,SPSCQueue3,100966508
summary,SPSCQueue3,95641991
summary,SPSCQueue3,103909077
summary,SPSCQueue3,105039611
summary,SPSCQueue3,102654029
summary,SPSCQueue4,110125767
summary,SPSCQueue4,114114055
summary,SPSCQueue4,114773431
summary,SPSCQueue4,112335609
summary,SPSCQueue4,111479779
summary,SPSCQueue4,115357653
summary,SPSCQueue4,117099037
summary,SPSCQueue4,116331080
summary,SPSCQueue4,116516182
summary,SPSCQueue4,111176603
summary,SPSCQueue4,116989611
summary,SPSCQueue4,114862435
summary,SPSCQueue4,112482818
summary,SPSCQueue4,109467158
summary,SPSCQueue4,111249486
summary,SPSCQueue4,113279272
summary,SPSCQueue4,116004114
summary,SPSCQueue4,115124444
summary,SPSCQueue4,112261741
summary,SPSCQueue4,111584955
summary,SPSCQueue4,116495740
summary,SPSCQueue4,112064936
summary,SPSCQueue4,117149687
summary,SPSCQueue4,115488693
summary,SPSCQueue4,113308603
summary,SPSCQueue4,112648085
summary,SPSCQueue4,114868770
summary,SPSCQueue4,109453972
summary,SPSCQueue4,71862008
summary,SPSCQueue4,110519362
summary,SPSCQueue5,115980778
summary,SPSCQueue5,110744243
summary,SPSCQueue5,113843731
summary,SPSCQueue5,114384061
summary,SPSCQueue5,115195487
summary,SPSCQueue5,111936052
summary,SPSCQueue5,109758502
summary,SPSCQueue5,115767870
summary,SPSCQueue5,111628863
summary,SPSCQueue5,110347277
summary,SPSCQueue5,111601278
summary,SPSCQueue5,111727443
summary,SPSCQueue5,101763312
summary,SPSCQueue5,115427076
summary,SPSCQueue5,115336787
summary,SPSCQueue5,113147411
summary,SPSCQueue5,111784450
summary,SPSCQueue5,113072179
summary,SPSCQueue5,111897270
summary,SPSCQueue5,114033975
summary,SPSCQueue5,115938539
summary,SPSCQueue5,113680573
summary,SPSCQueue5,111132706
summary,SPSCQueue5,111840577
summary,SPSCQueue5,112192125
summary,SPSCQueue5,113858502
summary,SPSCQueue5,114042450
summary,SPSCQueue5,114907282
summary,SPSCQueue5,113762625
summary,SPSCQueue5,115543801
summary,Cross Socket
summary,P1C1QueueOriginal3,21260878
summary,P1C1QueueOriginal3,32893166
summary,P1C1QueueOriginal3,27947918
summary,P1C1QueueOriginal3,29487594
summary,P1C1QueueOriginal3,43938561
summary,P1C1QueueOriginal3,16868957
summary,P1C1QueueOriginal3,29059644
summary,P1C1QueueOriginal3,27619366
summary,P1C1QueueOriginal3,27743053
summary,P1C1QueueOriginal3,36583049
summary,P1C1QueueOriginal3,32587062
summary,P1C1QueueOriginal3,17879831
summary,P1C1QueueOriginal3,26350661
summary,P1C1QueueOriginal3,25827131
summary,P1C1QueueOriginal3,22518582
summary,P1C1QueueOriginal3,30355152
summary,P1C1QueueOriginal3,31435006
summary,P1C1QueueOriginal3,26260274
summary,P1C1QueueOriginal3,23345102
summary,P1C1QueueOriginal3,30138423
summary,P1C1QueueOriginal3,23880469
summary,P1C1QueueOriginal3,22188009
summary,P1C1QueueOriginal3,23921409
summary,P1C1QueueOriginal3,24606564
summary,P1C1QueueOriginal3,32289173
summary,P1C1QueueOriginal3,30532750
summary,P1C1QueueOriginal3,33073351
summary,P1C1QueueOriginal3,22296623
summary,P1C1QueueOriginal3,45767883
summary,P1C1QueueOriginal3,36210814
summary,P1C1QueueOriginal3PadData,14809755
summary,P1C1QueueOriginal3PadData,14877836
summary,P1C1QueueOriginal3PadData,22059199
summary,P1C1QueueOriginal3PadData,19681149
summary,P1C1QueueOriginal3PadData,22057669
summary,P1C1QueueOriginal3PadData,20695493
summary,P1C1QueueOriginal3PadData,18222745
summary,P1C1QueueOriginal3PadData,16500346
summary,P1C1QueueOriginal3PadData,16631267
summary,P1C1QueueOriginal3PadData,17182072
summary,P1C1QueueOriginal3PadData,33909357
summary,P1C1QueueOriginal3PadData,22508099
summary,P1C1QueueOriginal3PadData,44412383
summary,P1C1QueueOriginal3PadData,15717482
summary,P1C1QueueOriginal3PadData,16069149
summary,P1C1QueueOriginal3PadData,17629197
summary,P1C1QueueOriginal3PadData,16815368
summary,P1C1QueueOriginal3PadData,17585032
summary,P1C1QueueOriginal3PadData,24573701
summary,P1C1QueueOriginal3PadData,26282802
summary,P1C1QueueOriginal3PadData,20118928
summary,P1C1QueueOriginal3PadData,21838857
summary,P1C1QueueOriginal3PadData,18690321
summary,P1C1QueueOriginal3PadData,17354431
summary,P1C1QueueOriginal3PadData,21137949
summary,P1C1QueueOriginal3PadData,18538960
summary,P1C1QueueOriginal3PadData,14026533
summary,P1C1QueueOriginal3PadData,15030798
summary,P1C1QueueOriginal3PadData,21583610
summary,P1C1QueueOriginal3PadData,24108420
summary,SPSCQueue1,25224845
summary,SPSCQueue1,15145574
summary,SPSCQueue1,29197924
summary,SPSCQueue1,24930322
summary,SPSCQueue1,24577515
summary,SPSCQueue1,12434073
summary,SPSCQueue1,24633009
summary,SPSCQueue1,22561397
summary,SPSCQueue1,20429378
summary,SPSCQueue1,32242211
summary,SPSCQueue1,13826648
summary,SPSCQueue1,18604587
summary,SPSCQueue1,23989896
summary,SPSCQueue1,21443572
summary,SPSCQueue1,23972008
summary,SPSCQueue1,18203481
summary,SPSCQueue1,23576301
summary,SPSCQueue1,19707735
summary,SPSCQueue1,23076826
summary,SPSCQueue1,27960270
summary,SPSCQueue1,24889829
summary,SPSCQueue1,20727808
summary,SPSCQueue1,25013312
summary,SPSCQueue1,24563591
summary,SPSCQueue1,17528471
summary,SPSCQueue1,21800991
summary,SPSCQueue1,27964666
summary,SPSCQueue1,21821581
summary,SPSCQueue1,17899059
summary,SPSCQueue1,18384998
summary,SPSCQueue2,22023309
summary,SPSCQueue2,18667978
summary,SPSCQueue2,21199394
summary,SPSCQueue2,12721127
summary,SPSCQueue2,23812094
summary,SPSCQueue2,21614104
summary,SPSCQueue2,18542184
summary,SPSCQueue2,27209618
summary,SPSCQueue2,14089964
summary,SPSCQueue2,23320109
summary,SPSCQueue2,15025277
summary,SPSCQueue2,20234515
summary,SPSCQueue2,13006679
summary,SPSCQueue2,19366103
summary,SPSCQueue2,21523176
summary,SPSCQueue2,22642570
summary,SPSCQueue2,10807495
summary,SPSCQueue2,20188922
summary,SPSCQueue2,22100795
summary,SPSCQueue2,19528508
summary,SPSCQueue2,22189620
summary,SPSCQueue2,13619540
summary,SPSCQueue2,23008687
summary,SPSCQueue2,24411739
summary,SPSCQueue2,17529132
summary,SPSCQueue2,22137881
summary,SPSCQueue2,19535798
summary,SPSCQueue2,18120182
summary,SPSCQueue2,21348842
summary,SPSCQueue2,14225185
summary,SPSCQueue3,23607243
summary,SPSCQueue3,20242688
summary,SPSCQueue3,12034241
summary,SPSCQueue3,15180847
summary,SPSCQueue3,15881599
summary,SPSCQueue3,14039563
summary,SPSCQueue3,23245518
summary,SPSCQueue3,17273465
summary,SPSCQueue3,16800811
summary,SPSCQueue3,15034094
summary,SPSCQueue3,25025493
summary,SPSCQueue3,17270045
summary,SPSCQueue3,15285812
summary,SPSCQueue3,18781939
summary,SPSCQueue3,17573214
summary,SPSCQueue3,20486215
summary,SPSCQueue3,18306039
summary,SPSCQueue3,21165007
summary,SPSCQueue3,14384125
summary,SPSCQueue3,31436171
summary,SPSCQueue3,14685372
summary,SPSCQueue3,28879755
summary,SPSCQueue3,28236518
summary,SPSCQueue3,16280904
summary,SPSCQueue3,14177222
summary,SPSCQueue3,21820886
summary,SPSCQueue3,20311535
summary,SPSCQueue3,23403293
summary,SPSCQueue3,19306207
summary,SPSCQueue3,20675605
summary,SPSCQueue4,16175931
summary,SPSCQueue4,16924751
summary,SPSCQueue4,22789016
summary,SPSCQueue4,21530181
summary,SPSCQueue4,32173986
summary,SPSCQueue4,26370171
summary,SPSCQueue4,13595112
summary,SPSCQueue4,16654337
summary,SPSCQueue4,13425475
summary,SPSCQueue4,22986099
summary,SPSCQueue4,14408311
summary,SPSCQueue4,16346182
summary,SPSCQueue4,17126284
summary,SPSCQueue4,16933261
summary,SPSCQueue4,17942726
summary,SPSCQueue4,19828778
summary,SPSCQueue4,17907050
summary,SPSCQueue4,32513633
summary,SPSCQueue4,16602045
summary,SPSCQueue4,23276009
summary,SPSCQueue4,19314091
summary,SPSCQueue4,18722610
summary,SPSCQueue4,28230191
summary,SPSCQueue4,19643345
summary,SPSCQueue4,19062718
summary,SPSCQueue4,17715585
summary,SPSCQueue4,18389708
summary,SPSCQueue4,14288044
summary,SPSCQueue4,22992445
summary,SPSCQueue4,16215563
summary,SPSCQueue5,35493830
summary,SPSCQueue5,19854804
summary,SPSCQueue5,15139773
summary,SPSCQueue5,24550484
summary,SPSCQueue5,28932835
summary,SPSCQueue5,16941920
summary,SPSCQueue5,23224048
summary,SPSCQueue5,21487180
summary,SPSCQueue5,22661796
summary,SPSCQueue5,17462341
summary,SPSCQueue5,24460162
summary,SPSCQueue5,20558058
summary,SPSCQueue5,14508694
summary,SPSCQueue5,24717329
summary,SPSCQueue5,15665414
summary,SPSCQueue5,20534147
summary,SPSCQueue5,21807366
summary,SPSCQueue5,16433757
summary,SPSCQueue5,33037392
summary,SPSCQueue5,17502631
summary,SPSCQueue5,26228113
summary,SPSCQueue5,23370762
summary,SPSCQueue5,14174218
summary,SPSCQueue5,25768387
summary,SPSCQueue5,14793489
summary,SPSCQueue5,22589146
summary,SPSCQueue5,27426136
summary,SPSCQueue5,18770026
summary,SPSCQueue5,20622001
summary,SPSCQueue5,14726125
